{
  "players": [
    {
      "id": 1,
      "name": "Player1",
      "is_bot": false,
      "created_at": "2025-10-04T16:01:11.775Z"
    },
    {
      "id": 2,
      "name": "BotA",
      "is_bot": true,
      "created_at": "2025-10-04T16:01:11.777Z"
    }
  ],
  "matches": [
    {
      "id": 1,
      "target_score": null,
      "started_at": "2025-10-04T16:01:11.770Z",
      "finished_at": null
    }
  ],
  "match_players": [
    {
      "match_id": 1,
      "player_id": 1,
      "score": 0
    },
    {
      "match_id": 1,
      "player_id": 2,
      "score": 0
    }
  ],
  "rounds": [
    {
      "id": 1,
      "match_id": 1,
      "ordinal": 1,
      "winner_player_id": null,
      "gain": 0,
      "finished_at": null
    }
  ],
  "moves": [],
  "seq": {
    "player": 2,
    "match": 1,
    "round": 1,
    "move": 0
  }
}